-- 태그 삽입
INSERT INTO tag (id, name) VALUES
('tag-01', '음식'),
('tag-02', '감각'),
('tag-03', '영화·공포'),
('tag-04', '초능력'),
('tag-05', '디지털'),
('tag-06', '학교·인생'),
('tag-07', '능력'),
('tag-08', '게임'),
('tag-09', '시간여행'),
('tag-10', '습관'),
('tag-11', '건강'),
('tag-12', '자연'),
('tag-13', '성격'),
('tag-14', '취미'),
('tag-15', '판타지'),
('tag-16', '외모'),
('tag-17', '운동'),
('tag-18', '라이프스타일'),
('tag-19', '여행'),
('tag-20', '인간관계'),
('tag-21', '커리어'),
('tag-22', '연애'),
('tag-23', '주거'),
('tag-24', 'IT'),
('tag-25', '인생'),
('tag-26', '음악'),
('tag-27', '학교'),
('tag-28', '뇌능력'),
('tag-29', '직장'),
('tag-30', '관계'),
('tag-31', '라이프'),
('tag-32', '생활'),
('tag-33', '동물'),
('tag-34', '취향'),
('tag-35', '학습'),
('tag-36', '커뮤니케이션'),
('tag-37', '패션'),
('tag-38', '요리'),
('tag-39', '영화'),
('tag-40', '피트니스'),
('tag-41', '멘탈'),
('tag-42', '기술'),
('tag-43', '커피'),
('tag-44', '가전'),
('tag-45', '시간'),
('tag-46', '엔터'),
('tag-47', 'SNS'),
('tag-48', '기후'),
('tag-49', '돈'),
('tag-50', '운'),
('tag-51', '이동'),
('tag-52', '예술'),
('tag-53', '기기'),
('tag-54', '공부'),
('tag-55', '삶'),
('tag-56', '소비'),
('tag-57', '환경'),
('tag-58', '성향'),
('tag-59', '진로'),
('tag-60', '가치관'),
('tag-61', '생산성');

-- 질문 삽입
INSERT INTO question (id, title, option_a, option_b, visibility) VALUES
('q-01', '평생 한 음식만 먹기', '치킨만 먹기', '라면만 먹기', 'public'),
('q-02', '하루 종일 한 가지 색만 보기', '파란색만 보기', '빨간색만 보기', 'public'),
('q-03', '공포 영화 속 세계에서 살기', '좀비 세계', '유령 세계', 'public'),
('q-04', '순간이동 능력 얻기', '하루 3회', '딱 1회지만 거리 무제한', 'public'),
('q-05', '스마트폰 없이 살기', '휴대폰 없이 1년', 'PC 없이 1년', 'public'),
('q-06', '무조건 정답을 알려주는 친구', '시험만', '인생 선택만', 'public'),
('q-07', '잃어버린 물건 찾기', '내 물건만 찾는 능력', '남의 물건도 다 찾는 능력', 'public'),
('q-08', '언어 능력 강화', '모든 외국어 완벽', '말보다 글이 천재적', 'public'),
('q-09', '게임 능력 강화', 'FPS 천재', '전략 게임 천재', 'public'),
('q-10', '과거로 여행', '초등학생 시절', '고등학생 시절', 'public'),
('q-11', '미래 보기', '1분 뒤', '10년 뒤', 'public'),
('q-12', '동물과 대화하기', '반려동물만', '모든 동물', 'public'),
('q-13', '아침형 인간 되기', '5시 기상', '새벽 2시 취침', 'public'),
('q-14', '식습관 변화', '단 음식 금지', '짠 음식 금지', 'public'),
('q-15', '날씨 조정', '비 그치게 하기', '눈 오게 하기', 'public'),
('q-16', '성격 강화', '자신감 +50%', '인내심 +50%', 'public'),
('q-17', '기술 하나 마스터', '요리', '음악', 'public'),
('q-18', '영화 캐릭터 되기', '히어로', '빌런', 'public'),
('q-19', '외모 변화', '키 +10cm', '피부 완벽', 'public'),
('q-20', '체력 업', '마라톤 완주 능력', '웨이트 중급 실력', 'public'),
('q-21', '집 꾸미기', '미니멀리즘', '맥시멀리즘', 'public'),
('q-22', '하루 동안 변신', '투명 인간', '거대한 괴력 인간', 'public'),
('q-23', '여행하기', '국내 1년', '해외 1달', 'public'),
('q-24', 'SNS', '팔로워 10만 명', '친한 친구 10명', 'public'),
('q-25', '직업 선택', '안정적인 공무원', '도전적인 스타트업', 'public'),
('q-26', '연애 스타일', '현실적 안정형', '드라마틱 열정형', 'public'),
('q-27', '집 위치', '도심 중심가', '외곽 대형 주택', 'public'),
('q-28', 'IT 능력', '코딩 마스터', '디자인 마스터', 'public'),
('q-29', '현실 쉬움 모드', '돈 걱정 없음', '시간 걱정 없음', 'public'),
('q-30', '음악 재능', '악기 숙련', '작곡 천재', 'public'),
('q-31', '학교 혜택', '수업 없는 대학', '시험 없는 대학', 'public'),
('q-32', '기억 능력', '과거 전부 기억', '필요한 순간만 자동 저장', 'public'),
('q-33', '맛 선택', '매운맛 못 먹기', '신맛 못 먹기', 'public'),
('q-34', '직장 환경', '연봉 높음, 야근 많음', '연봉 적당, 칼퇴', 'public'),
('q-35', '친구 관계', '오래된 친구 1명', '새로운 친구 10명', 'public'),
('q-36', '집안일 능력', '청소 자동화', '빨래 자동화', 'public'),
('q-37', '휴가', '길지만 집에서', '짧지만 해외', 'public'),
('q-38', '교통', '자가용만', '지하철만', 'public'),
('q-39', '반려동물', '강아지', '고양이', 'public'),
('q-40', '취미', '완전 실내', '완전 실외', 'public'),
('q-41', '공부', '집중력 200%', '기억력 200%', 'public'),
('q-42', '의사소통', '말 잘함', '경청 잘함', 'public'),
('q-43', '패션', '실용성 100%', '스타일 100%', 'public'),
('q-44', '요리', '아주 빠르게 만들기', '아주 맛있게 만들기', 'public'),
('q-45', '영화', '평생 액션만', '평생 로맨스만', 'public'),
('q-46', '운동', '유산소 천재', '근력운동 천재', 'public'),
('q-47', '스트레스 관리', '잠 잘 오는 능력', '긴장 안 하는 능력', 'public'),
('q-48', '기술 아이템', '로봇 청소기 최상급', '스마트홈 완벽 자동화', 'public'),
('q-49', '건강', '평생 감기 없음', '평생 치아 문제 없음', 'public'),
('q-50', '식물', '관리 쉬운 반려식물', '보기 좋은 반려식물', 'public'),
('q-51', '직장 성향', '혼자 일하기', '팀으로 일하기', 'public'),
('q-52', '커피', '하루 1잔 무료', '주말 무제한 무료', 'public'),
('q-53', '외출', '맨날 같은 옷', '항상 다른 옷', 'public'),
('q-54', '가전', 'TV 최고급', '컴퓨터 최고급', 'public'),
('q-55', '시간 선택', '1일 30시간', '1년 500일', 'public'),
('q-56', '예능 능력', '개그 센스', '리액션 천재', 'public'),
('q-57', 'SNS 영향력', '유튜브 천명', '인스타 1만 명', 'public'),
('q-58', '통근', '대중교통 20분', '자가용 5분', 'public'),
('q-59', '날씨', '4계절 뚜렷', '1년 내내 봄날씨', 'public'),
('q-60', '맛', '모든 음식 30% 더 맛있게 느끼기', '식욕 30% 줄이기', 'public'),
('q-61', '편의성', '집 바로 앞 편의점', '집 바로 앞 카페', 'public'),
('q-62', '도전', '새로운 경험 1개 필수', '안정적 반복 루틴', 'public'),
('q-63', '기술 습득', '하루에 기술 하나 배우기', '단 하나지만 완전 전문가', 'public'),
('q-64', '회귀', '기억 가지고 돌아감', '기억 없이 다시 시작', 'public'),
('q-65', '정리', '물건 50개만 소유', '물건 무제한, 대신 어질러짐', 'public'),
('q-66', '재정', '매달 50만 원 수당', '1년에 600만 원 일시불', 'public'),
('q-67', '운', '작은 운 10회', '큰 행운 1회', 'public'),
('q-68', '환경', '바닷가 집', '산속 집', 'public'),
('q-69', '스타일', '머리 절대 안 망가짐', '피부 절대 안 망가짐', 'public'),
('q-70', '이동', '자전거만 가능', '킥보드만 가능', 'public'),
('q-71', '미션', '하루 한 가지 목표', '주간 한 가지 목표', 'public'),
('q-72', '생산성', '집중 1시간', '꾸준히 4시간', 'public'),
('q-73', '주거', '작은 집 완전 신축', '큰 집 오래됨', 'public'),
('q-74', '인간관계', '솔직한 친구', '다정한 친구', 'public'),
('q-75', '예술', '그림 천재', '글쓰기 천재', 'public'),
('q-76', '실험', '새로운 음식 시도', '익숙한 음식 유지', 'public'),
('q-77', '기술 장비', '스마트워치 최강', '헤드폰 최강', 'public'),
('q-78', '학습', '암기형 천재', '이해형 천재', 'public'),
('q-79', '속도', '걷기 빠름', '생각 빠름', 'public'),
('q-80', '게임 플레이', '스토리형 게임만', '멀티플레이만', 'public'),
('q-81', '대화', '농담 잘함', '진지한 조언 잘함', 'public'),
('q-82', '기상', '알람 없이 자동 기상', '자고 싶을 때 무한 잠', 'public'),
('q-83', '건강식', '채식만', '고기만', 'public'),
('q-84', '여행 스타일', '계획형 여행', '즉흥형 여행', 'public'),
('q-85', '미래 선택', '꿈 1개 확정', '꿈 여러 개 시도', 'public'),
('q-86', '가성비', '가격 싼데 보통 품질', '가격 비싸도 최고 품질', 'public'),
('q-87', '체감', '더위에 강함', '추위에 강함', 'public'),
('q-88', '정서', '감정 풍부', '감정 안정', 'public'),
('q-89', '학문', '과학자 되기', '예술가 되기', 'public'),
('q-90', '음료', '커피 평생 무료', '차(tea) 평생 무료', 'public'),
('q-91', '실수 관리', '실수 절대 안 함', '실수해도 결과는 성공', 'public'),
('q-92', '공간', '조용한 방', '넓은 방', 'public'),
('q-93', '기념일', '생일 이벤트 중요', '평소 일상 중요', 'public'),
('q-94', '집중', '방해 요소 차단', '멀티태스킹 능력 업', 'public'),
('q-95', '기술 업그레이드', '인터넷 속도 5배', '저장 공간 5배', 'public'),
('q-96', '식당', '빨리 나오는 음식', '천천히 나와도 맛집', 'public'),
('q-97', '인간관계', '오래 봐도 편한 사람', '짧게 봐도 재밌는 사람', 'public'),
('q-98', '시간 절약', '이동시간 절반', '작업시간 절반', 'public'),
('q-99', '생애 선택', '평탄한 인생', '굴곡 있지만 성장', 'public'),
('q-100', '궁극 선택', '원하는 것 하나 확실히 얻기', '원하는 것 여러 개 조금씩 얻기', 'public');

-- 질문-태그 연결
INSERT INTO question_tag (question_id, tag_id) VALUES
('q-01', 'tag-01'),
('q-02', 'tag-02'),
('q-03', 'tag-03'),
('q-04', 'tag-04'),
('q-05', 'tag-05'),
('q-06', 'tag-06'),
('q-07', 'tag-07'),
('q-08', 'tag-07'),
('q-09', 'tag-08'),
('q-10', 'tag-09'),
('q-11', 'tag-04'),
('q-12', 'tag-07'),
('q-13', 'tag-10'),
('q-14', 'tag-11'),
('q-15', 'tag-12'),
('q-16', 'tag-13'),
('q-17', 'tag-14'),
('q-18', 'tag-15'),
('q-19', 'tag-16'),
('q-20', 'tag-17'),
('q-21', 'tag-18'),
('q-22', 'tag-04'),
('q-23', 'tag-19'),
('q-24', 'tag-20'),
('q-25', 'tag-21'),
('q-26', 'tag-22'),
('q-27', 'tag-23'),
('q-28', 'tag-24'),
('q-29', 'tag-25'),
('q-30', 'tag-26'),
('q-31', 'tag-27'),
('q-32', 'tag-28'),
('q-33', 'tag-01'),
('q-34', 'tag-29'),
('q-35', 'tag-30'),
('q-36', 'tag-31'),
('q-37', 'tag-19'),
('q-38', 'tag-32'),
('q-39', 'tag-33'),
('q-40', 'tag-34'),
('q-41', 'tag-35'),
('q-42', 'tag-36'),
('q-43', 'tag-37'),
('q-44', 'tag-38'),
('q-45', 'tag-39'),
('q-46', 'tag-40'),
('q-47', 'tag-41'),
('q-48', 'tag-42'),
('q-49', 'tag-11'),
('q-50', 'tag-34'),
('q-51', 'tag-29'),
('q-52', 'tag-43'),
('q-53', 'tag-37'),
('q-54', 'tag-44'),
('q-55', 'tag-45'),
('q-56', 'tag-46'),
('q-57', 'tag-47'),
('q-58', 'tag-32'),
('q-59', 'tag-48'),
('q-60', 'tag-01'),
('q-61', 'tag-32'),
('q-62', 'tag-25'),
('q-63', 'tag-07'),
('q-64', 'tag-45'),
('q-65', 'tag-31'),
('q-66', 'tag-49'),
('q-67', 'tag-50'),
('q-68', 'tag-12'),
('q-69', 'tag-16'),
('q-70', 'tag-51'),
('q-71', 'tag-31'),
('q-72', 'tag-35'),
('q-73', 'tag-23'),
('q-74', 'tag-30'),
('q-75', 'tag-52'),
('q-76', 'tag-01'),
('q-77', 'tag-53'),
('q-78', 'tag-54'),
('q-79', 'tag-07'),
('q-80', 'tag-08'),
('q-81', 'tag-36'),
('q-82', 'tag-55'),
('q-83', 'tag-01'),
('q-84', 'tag-19'),
('q-85', 'tag-25'),
('q-86', 'tag-56'),
('q-87', 'tag-57'),
('q-88', 'tag-58'),
('q-89', 'tag-59'),
('q-90', 'tag-01'),
('q-91', 'tag-50'),
('q-92', 'tag-23'),
('q-93', 'tag-60'),
('q-94', 'tag-07'),
('q-95', 'tag-42'),
('q-96', 'tag-01'),
('q-97', 'tag-30'),
('q-98', 'tag-61'),
('q-99', 'tag-25'),
('q-100', 'tag-60');

