-- 태그 삽입
INSERT INTO tag (id, name) VALUES
('tag-01', '음식'),
('tag-02', '감각'),
('tag-03', '영화·공포'),
('tag-04', '초능력'),
('tag-05', '디지털'),
('tag-06', '학교·인생'),
('tag-07', '능력'),
('tag-08', '게임'),
('tag-09', '시간여행'),
('tag-10', '습관'),
('tag-11', '건강'),
('tag-12', '자연'),
('tag-13', '성격'),
('tag-14', '취미'),
('tag-15', '판타지'),
('tag-16', '외모'),
('tag-17', '운동'),
('tag-18', '라이프스타일'),
('tag-19', '여행'),
('tag-20', '인간관계'),
('tag-21', '커리어'),
('tag-22', '연애'),
('tag-23', '주거'),
('tag-24', 'IT'),
('tag-25', '인생'),
('tag-26', '음악'),
('tag-27', '학교'),
('tag-28', '뇌능력'),
('tag-29', '직장'),
('tag-30', '관계'),
('tag-31', '라이프'),
('tag-32', '생활'),
('tag-33', '동물'),
('tag-34', '취향'),
('tag-35', '학습'),
('tag-36', '커뮤니케이션'),
('tag-37', '패션'),
('tag-38', '요리'),
('tag-39', '영화'),
('tag-40', '피트니스'),
('tag-41', '멘탈'),
('tag-42', '기술'),
('tag-43', '커피'),
('tag-44', '가전'),
('tag-45', '시간'),
('tag-46', '엔터'),
('tag-47', 'SNS'),
('tag-48', '기후'),
('tag-49', '돈'),
('tag-50', '운'),
('tag-51', '이동'),
('tag-52', '예술'),
('tag-53', '기기'),
('tag-54', '공부'),
('tag-55', '삶'),
('tag-56', '소비'),
('tag-57', '환경'),
('tag-58', '성향'),
('tag-59', '진로'),
('tag-60', '가치관'),
('tag-61', '생산성');

INSERT INTO tag (id, name) VALUES
('tag-62', '미래'),
('tag-63', '미디어'),
('tag-64', '감정'),
('tag-65', '심리'),
('tag-66', '수면'),
('tag-67', '자기계발'),
('tag-68', '생활패턴'),
('tag-69', '경험'),
('tag-70', '학문');

-- 질문 삽입
INSERT INTO question (id, title, option_a, option_b, visibility) VALUES
('q-01', '평생 한 음식만 먹기', '치킨만 먹기', '라면만 먹기', 'public'),
('q-02', '하루 종일 한 가지 색만 보기', '파란색만 보기', '빨간색만 보기', 'public'),
('q-03', '공포 영화 속 세계에서 살기', '좀비 세계', '유령 세계', 'public'),
('q-04', '순간이동 능력 얻기', '하루 3회', '딱 1회지만 거리 무제한', 'public'),
('q-05', '스마트폰 없이 살기', '휴대폰 없이 1년', 'PC 없이 1년', 'public'),
('q-06', '무조건 정답을 알려주는 친구', '시험만', '인생 선택만', 'public'),
('q-07', '잃어버린 물건 찾기', '내 물건만 찾는 능력', '남의 물건도 다 찾는 능력', 'public'),
('q-08', '언어 능력 강화', '모든 외국어 완벽', '말보다 글이 천재적', 'public'),
('q-09', '게임 능력 강화', 'FPS 천재', '전략 게임 천재', 'public'),
('q-10', '과거로 여행', '초등학생 시절', '고등학생 시절', 'public'),
('q-11', '미래 보기', '1분 뒤', '10년 뒤', 'public'),
('q-12', '동물과 대화하기', '반려동물만', '모든 동물', 'public'),
('q-13', '아침형 인간 되기', '5시 기상', '새벽 2시 취침', 'public'),
('q-14', '식습관 변화', '단 음식 금지', '짠 음식 금지', 'public'),
('q-15', '날씨 조정', '비 그치게 하기', '눈 오게 하기', 'public'),
('q-16', '성격 강화', '자신감 +50%', '인내심 +50%', 'public'),
('q-17', '기술 하나 마스터', '요리', '음악', 'public'),
('q-18', '영화 캐릭터 되기', '히어로', '빌런', 'public'),
('q-19', '외모 변화', '키 +10cm', '피부 완벽', 'public'),
('q-20', '체력 업', '마라톤 완주 능력', '웨이트 중급 실력', 'public'),
('q-21', '집 꾸미기', '미니멀리즘', '맥시멀리즘', 'public'),
('q-22', '하루 동안 변신', '투명 인간', '거대한 괴력 인간', 'public'),
('q-23', '여행하기', '국내 1년', '해외 1달', 'public'),
('q-24', 'SNS', '팔로워 10만 명', '친한 친구 10명', 'public'),
('q-25', '직업 선택', '안정적인 공무원', '도전적인 스타트업', 'public'),
('q-26', '연애 스타일', '현실적 안정형', '드라마틱 열정형', 'public'),
('q-27', '집 위치', '도심 중심가', '외곽 대형 주택', 'public'),
('q-28', 'IT 능력', '코딩 마스터', '디자인 마스터', 'public'),
('q-29', '현실 쉬움 모드', '돈 걱정 없음', '시간 걱정 없음', 'public'),
('q-30', '음악 재능', '악기 숙련', '작곡 천재', 'public'),
('q-31', '학교 혜택', '수업 없는 대학', '시험 없는 대학', 'public'),
('q-32', '기억 능력', '과거 전부 기억', '필요한 순간만 자동 저장', 'public'),
('q-33', '맛 선택', '매운맛 못 먹기', '신맛 못 먹기', 'public'),
('q-34', '직장 환경', '연봉 높음, 야근 많음', '연봉 적당, 칼퇴', 'public'),
('q-35', '친구 관계', '오래된 친구 1명', '새로운 친구 10명', 'public'),
('q-36', '집안일 능력', '청소 자동화', '빨래 자동화', 'public'),
('q-37', '휴가', '길지만 집에서', '짧지만 해외', 'public'),
('q-38', '교통', '자가용만', '지하철만', 'public'),
('q-39', '반려동물', '강아지', '고양이', 'public'),
('q-40', '취미', '완전 실내', '완전 실외', 'public'),
('q-41', '공부', '집중력 200%', '기억력 200%', 'public'),
('q-42', '의사소통', '말 잘함', '경청 잘함', 'public'),
('q-43', '패션', '실용성 100%', '스타일 100%', 'public'),
('q-44', '요리', '아주 빠르게 만들기', '아주 맛있게 만들기', 'public'),
('q-45', '영화', '평생 액션만', '평생 로맨스만', 'public'),
('q-46', '운동', '유산소 천재', '근력운동 천재', 'public'),
('q-47', '스트레스 관리', '잠 잘 오는 능력', '긴장 안 하는 능력', 'public'),
('q-48', '기술 아이템', '로봇 청소기 최상급', '스마트홈 완벽 자동화', 'public'),
('q-49', '건강', '평생 감기 없음', '평생 치아 문제 없음', 'public'),
('q-50', '식물', '관리 쉬운 반려식물', '보기 좋은 반려식물', 'public'),
('q-51', '직장 성향', '혼자 일하기', '팀으로 일하기', 'public'),
('q-52', '커피', '하루 1잔 무료', '주말 무제한 무료', 'public'),
('q-53', '외출', '맨날 같은 옷', '항상 다른 옷', 'public'),
('q-54', '가전', 'TV 최고급', '컴퓨터 최고급', 'public'),
('q-55', '시간 선택', '1일 30시간', '1년 500일', 'public'),
('q-56', '예능 능력', '개그 센스', '리액션 천재', 'public'),
('q-57', 'SNS 영향력', '유튜브 천명', '인스타 1만 명', 'public'),
('q-58', '통근', '대중교통 20분', '자가용 5분', 'public'),
('q-59', '날씨', '4계절 뚜렷', '1년 내내 봄날씨', 'public'),
('q-60', '맛', '모든 음식 30% 더 맛있게 느끼기', '식욕 30% 줄이기', 'public'),
('q-61', '편의성', '집 바로 앞 편의점', '집 바로 앞 카페', 'public'),
('q-62', '도전', '새로운 경험 1개 필수', '안정적 반복 루틴', 'public'),
('q-63', '기술 습득', '하루에 기술 하나 배우기', '단 하나지만 완전 전문가', 'public'),
('q-64', '회귀', '기억 가지고 돌아감', '기억 없이 다시 시작', 'public'),
('q-65', '정리', '물건 50개만 소유', '물건 무제한, 대신 어질러짐', 'public'),
('q-66', '재정', '매달 50만 원 수당', '1년에 600만 원 일시불', 'public'),
('q-67', '운', '작은 운 10회', '큰 행운 1회', 'public'),
('q-68', '환경', '바닷가 집', '산속 집', 'public'),
('q-69', '스타일', '머리 절대 안 망가짐', '피부 절대 안 망가짐', 'public'),
('q-70', '이동', '자전거만 가능', '킥보드만 가능', 'public'),
('q-71', '미션', '하루 한 가지 목표', '주간 한 가지 목표', 'public'),
('q-72', '생산성', '집중 1시간', '꾸준히 4시간', 'public'),
('q-73', '주거', '작은 집 완전 신축', '큰 집 오래됨', 'public'),
('q-74', '인간관계', '솔직한 친구', '다정한 친구', 'public'),
('q-75', '예술', '그림 천재', '글쓰기 천재', 'public'),
('q-76', '실험', '새로운 음식 시도', '익숙한 음식 유지', 'public'),
('q-77', '기술 장비', '스마트워치 최강', '헤드폰 최강', 'public'),
('q-78', '학습', '암기형 천재', '이해형 천재', 'public'),
('q-79', '속도', '걷기 빠름', '생각 빠름', 'public'),
('q-80', '게임 플레이', '스토리형 게임만', '멀티플레이만', 'public'),
('q-81', '대화', '농담 잘함', '진지한 조언 잘함', 'public'),
('q-82', '기상', '알람 없이 자동 기상', '자고 싶을 때 무한 잠', 'public'),
('q-83', '건강식', '채식만', '고기만', 'public'),
('q-84', '여행 스타일', '계획형 여행', '즉흥형 여행', 'public'),
('q-85', '미래 선택', '꿈 1개 확정', '꿈 여러 개 시도', 'public'),
('q-86', '가성비', '가격 싼데 보통 품질', '가격 비싸도 최고 품질', 'public'),
('q-87', '체감', '더위에 강함', '추위에 강함', 'public'),
('q-88', '정서', '감정 풍부', '감정 안정', 'public'),
('q-89', '학문', '과학자 되기', '예술가 되기', 'public'),
('q-90', '음료', '커피 평생 무료', '차(tea) 평생 무료', 'public'),
('q-91', '실수 관리', '실수 절대 안 함', '실수해도 결과는 성공', 'public'),
('q-92', '공간', '조용한 방', '넓은 방', 'public'),
('q-93', '기념일', '생일 이벤트 중요', '평소 일상 중요', 'public'),
('q-94', '집중', '방해 요소 차단', '멀티태스킹 능력 업', 'public'),
('q-95', '기술 업그레이드', '인터넷 속도 5배', '저장 공간 5배', 'public'),
('q-96', '식당', '빨리 나오는 음식', '천천히 나와도 맛집', 'public'),
('q-97', '인간관계', '오래 봐도 편한 사람', '짧게 봐도 재밌는 사람', 'public'),
('q-98', '시간 절약', '이동시간 절반', '작업시간 절반', 'public'),
('q-99', '생애 선택', '평탄한 인생', '굴곡 있지만 성장', 'public'),
('q-100', '궁극 선택', '원하는 것 하나 확실히 얻기', '원하는 것 여러 개 조금씩 얻기', 'public');

INSERT INTO question (id, title, option_a, option_b, visibility) VALUES
('q-101', '10년 후의 자신을 만날 수 있다면 어디서 만나고 싶은가?', '미래 직장', '미래 집', 'public'),
('q-102', '하루 동안 동물이 된다면 어떤 능력을 갖고 싶나?', '치타의 속도', '독수리의 비행', 'public'),
('q-103', '지구 반대편에 순간이동할 수 있다면 조건은?', '하루 1회', '일주일 3회', 'public'),
('q-104', '큰 공연장 무료 입장권이 있다면 무엇을 볼까?', '콘서트', '뮤지컬', 'public'),
('q-105', '일주일 동안 유튜브 하나만 본다면 어떤 종류?', '다큐', '예능', 'public'),
('q-106', '타임캡슐 하나를 묻는다면 무엇을 담을까?', '사진', '편지', 'public'),
('q-107', '5년간 단 하나의 취미만 할 수 있다면?', '운동', '음악', 'public'),
('q-108', 'SNS 계정을 하나만 유지해야 한다면?', '사진 중심 계정', '글 중심 계정', 'public'),
('q-109', '방 크기는 그대로지만 기능을 강화할 수 있다면?', '방음 강화', '조명 강화', 'public'),
('q-110', '1년 동안 한 가지 신체 능력만 강화할 수 있다면?', '반응 속도', '지구력', 'public'),
('q-111', '영화 속 세계에서 하루만 산다면?', 'SF 세계', '판타지 세계', 'public'),
('q-112', '하루 동안 주변 사람의 감정을 볼 수 있다면?', '색으로 보이기', '숫자로 보이기', 'public'),
('q-113', '1년 동안 한 가지만 자동화된다면?', '청소', '빨래', 'public'),
('q-114', '내일 하루 동안 하늘에서 선물을 받을 수 있다면?', '시간 1시간 추가', '돈 10만원', 'public'),
('q-115', '길 잃었을 때 어떤 능력이 생기길 바라나?', '순간 지도 생성', '자동 길 안내 음성', 'public'),
('q-116', '싸움을 잘하는 능력이 생긴다면?', '체력 증가', '기술 숙련', 'public'),
('q-117', '주말 하루를 무조건 비워야 한다면 무엇으로 비울까?', '산책', '독서', 'public'),
('q-118', '친구 한 명을 1일 비서로 둘 수 있다면?', '일정 관리', '문제 해결', 'public'),
('q-119', '도전 과제를 하나 선택해야 한다면?', '한 달 독서 10권', '한 달 운동 20회', 'public'),
('q-120', '비 오는 날 단 하나의 능력만 있다면?', '비 안 맞기', '미끄러짐 방지', 'public'),
('q-121', '냉장고에 평생 하나만 무한 리필된다면?', '과일', '요구르트', 'public'),
('q-122', '공포영화를 혼자 봐야 한다면 환경은?', '극장', '집', 'public'),
('q-123', '실수를 줄일 수 있는 능력을 얻는다면?', '말 실수 감소', '행동 실수 감소', 'public'),
('q-124', '어떤 능력이 2배로 강화된다면?', '운', '판단력', 'public'),
('q-125', '큰 결정을 대신 내려준다면 어떤 시스템?', '데이터 분석 AI', '인간 멘토', 'public'),
('q-126', '한 달 동안 한 가지 감정을 줄일 수 있다면?', '분노', '불안', 'public'),
('q-127', '하루 동안 시간이 느리게 흐른다면 어디서?', '여행지', '집', 'public'),
('q-128', '꿈을 조종할 수 있다면 무엇을 우선?', '주제 선택', '등장인물 선택', 'public'),
('q-129', '도서관에서 평생 한 장르만 볼 수 있다면?', '추리', '로맨스', 'public'),
('q-130', '일주일 동안 완전 무소음 또는 완전 음악 중 택한다면?', '무소음', '음악 지속 재생', 'public'),
('q-131', '자연에서 하루를 보낸다면 어디서?', '숲속', '강가', 'public'),
('q-132', '여행할 때 꼭 필요한 능력을 강화할 수 있다면?', '길 기억력', '체력', 'public'),
('q-133', '초대형 이벤트의 무료 티켓 하나라면?', 'e스포츠', '클래식 공연', 'public'),
('q-134', '연말을 보낼 장소를 선택해야 한다면?', '여행지', '집', 'public'),
('q-135', '1년간 한 종류의 날씨를 줄일 수 있다면?', '미세먼지', '폭염', 'public'),
('q-136', '동네 카페에서 단 하나의 자리를 예약한다면?', '창가자리', '소파자리', 'public'),
('q-137', '반려동물과 대화가 가능해진다면?', '감정 번역', '행동 이유 설명', 'public'),
('q-138', '타인의 재능 하나를 하루 빌릴 수 있다면?', '예술', '운동', 'public'),
('q-139', '거짓말을 무조건 간파할 수 있다면 어떤 방식?', '표정 읽기', '목소리 톤 읽기', 'public'),
('q-140', '곤란한 상황을 벗어날 능력을 선택한다면?', '순간 도주', '주변 정리 정돈', 'public'),
('q-141', '하루 동안 모든 광고를 스킵할 수 있다면 어떤 플랫폼?', '인터넷', 'TV', 'public'),
('q-142', '한 가지를 자동 정리해주는 능력을 얻는다면?', '파일 정리', '옷 정리', 'public'),
('q-143', '딱 한 번 기계와 완벽한 연결이 된다면?', '자동차', 'PC', 'public'),
('q-144', '비슷한 재능 중 하나를 선택한다면?', '노래 실력', '리듬감', 'public'),
('q-145', '인공지능과 대화해 배울 수 있다면?', '기술', '심리학', 'public'),
('q-146', '친구의 단점 하나를 없애준다면?', '고집', '느림', 'public'),
('q-147', '나쁜 습관 하나를 제거한다면?', '미루기', '과식', 'public'),
('q-148', '월 1회 무료로 할 수 있다면?', '모의 면접', '상담', 'public'),
('q-149', '익명으로 질문할 수 있다면 어떤 주제?', '진로', '인간관계', 'public'),
('q-150', '단 하루만 완전 투명 인간이 된다면 어디 갈까?', '박물관', '바닷가', 'public'),
('q-151', '1년에 한 번 원하는 날을 특별한 날로 만들 수 있다면?', '생일', '아무날', 'public'),
('q-152', '일기 예보 정확도를 올린다면?', '비 예보', '미세먼지', 'public'),
('q-153', '미래 기술 하나를 먼저 사용할 수 있다면?', '초고속 충전', '자동 번역 안경', 'public'),
('q-154', '쇼핑 시 단 하나의 혜택만 받을 수 있다면?', '반값 할인', '무료 반품', 'public'),
('q-155', '기념일 선물만 바꿀 수 있다면?', '경험형 선물', '실물 선물', 'public'),
('q-156', '영화관의 단 하나 기능을 강화한다면?', '사운드', '의자', 'public'),
('q-157', '스트레스 해소법 하나만 유지한다면?', '운동', '휴식', 'public'),
('q-158', '일주일마다 한 번 새로운 능력을 받을 수 있다면?', '랜덤 능력', '선택 능력', 'public'),
('q-159', '방의 한 기능만 업그레이드한다면?', '공기청정', '조명 자동화', 'public'),
('q-160', '새벽까지 깨어 있어야 한다면 무엇을 할까?', '공부', '취미', 'public'),
('q-161', '10년 뒤 자신의 사진만 볼 수 있다면 어떤 각도?', '정면', '전신', 'public'),
('q-162', '국제 의견을 하루 동안 들을 수 있다면?', '정치 뉴스', '문화 이슈', 'public'),
('q-163', '하루 동안 시력이 4K급으로 된다면 어디서 사용할까?', '자연관찰', '독서', 'public'),
('q-164', 'SNS를 단 하루만 끊을 수 있다면 무엇을 대신?', '산책', '명상', 'public'),
('q-165', '친구와 하루를 바꿀 수 있다면 무엇을 체험?', '그 친구의 하루 일과', '그 친구의 집 생활', 'public'),
('q-166', '일주일 동안 한 장소에서 일해야 한다면?', '카페', '도서관', 'public'),
('q-167', '스마트홈 기능 하나를 강화한다면?', '조명 자동화', '난방 자동화', 'public'),
('q-168', '미래 직업 하나를 시험 체험한다면?', '우주 비행사', 'AI 연구원', 'public'),
('q-169', '스트레스 없는 환경을 하루 제공받는다면?', '조용한 숙소', '자연 속 공간', 'public'),
('q-170', '3일 동안 인터넷 제한이 있다면 무엇만 허용?', '검색', '메신저', 'public'),
('q-171', '꿈에서 하나를 배워 현실에 가져올 수 있다면?', '체력 기술', '이론 지식', 'public'),
('q-172', '새로운 습관을 하루 만에 만들 수 있다면?', '운동 습관', '공부 습관', 'public'),
('q-173', '재능 하나를 1년 동안 빌릴 수 있다면?', '글쓰기', '그림', 'public'),
('q-174', '원하는 장소로 매일 배달 받을 수 있다면 무엇?', '간단 서류', '간식', 'public'),
('q-175', '중요한 약속 전 무조건 컨디션 최고라면 무엇을 개선?', '잠', '피로', 'public'),
('q-176', '책 한 권을 즉시 뇌에 저장할 수 있다면 장르는?', '역사', '기술', 'public'),
('q-177', '여행지에서 언어 하나만 자동 해석된다면?', '현지어', '영어', 'public'),
('q-178', '얼굴의 한 요소를 항상 완벽하게 유지한다면?', '피부', '헤어', 'public'),
('q-179', '향 하나를 평생 유지할 수 있다면?', '자연향', '과일향', 'public'),
('q-180', '심리적으로 강해지는 능력을 하나 선택한다면?', '압박감 저항', '피로 저항', 'public'),
('q-181', '운동 능력 하나를 향상한다면?', '순발력', '근지구력', 'public'),
('q-182', '반려동물 관련 기술 하나를 얻는다면?', '건강 진단', '행동 분석', 'public'),
('q-183', '혼자서도 잘 노는 능력 강화라면?', '집중력', '창의성', 'public'),
('q-184', '매일 한 가지 의미 있는 일을 해야 한다면?', '감사 쓰기', '목표 기록', 'public'),
('q-185', '미래에서 도착한 편지 한 장을 받는다면 내용은?', '경고', '조언', 'public'),
('q-186', '하루 동안 정해진 작품 장르만 볼 수 있다면?', 'SF', '역사물', 'public'),
('q-187', '마음이 편해지는 능력 하나를 택한다면?', '빠른 안정', '감정 정리', 'public'),
('q-188', '인간관계를 하나 개선할 수 있다면?', '대화 능력', '공감 능력', 'public'),
('q-189', '중요한 순간 하나를 반복할 수 있다면 무엇?', '기쁨 순간', '성취 순간', 'public'),
('q-190', '시공간 체험 하나를 선택한다면?', '과거 명소 방문', '미래 기술 체험', 'public'),
('q-191', '연말 플랜 중 하나만 선택한다면?', '가족과 시간', '혼자만의 휴식', 'public'),
('q-192', 'SNS 계정을 한 가지 목적에만 사용한다면?', '기록', '홍보', 'public'),
('q-193', '꿈을 두 배 더 생생하게 기억할 수 있다면 주제는?', '현실 기반', '판타지 기반', 'public'),
('q-194', '운동 중 하나가 자동 보정된다면?', '자세', '호흡', 'public'),
('q-195', '하루 동안 한 가지 초집중 능력을 얻는다면?', '듣기', '읽기·쓰기', 'public'),
('q-196', '시간 관리 능력 하나를 선택한다면?', '우선순위 판단', '자동 일정 정리', 'public'),
('q-197', '여행 가서 한 장만 사진 찍을 수 있다면?', '풍경', '인물', 'public'),
('q-198', '1년 동안 단 한 명과 더욱 친해질 수 있다면?', '오래된 친구', '새로운 사람', 'public'),
('q-199', '중요한 선택을 하나 미리 알 수 있다면?', '이득 결과', '위험 요소', 'public'),
('q-200', '평생 단 한 번의 기적을 선택할 수 있다면?', '건강 회복', '인생 기회', 'public');

-- 질문-태그 연결
INSERT INTO question_tag (question_id, tag_id) VALUES
('q-01', 'tag-01'),
('q-02', 'tag-02'),
('q-03', 'tag-03'),
('q-04', 'tag-04'),
('q-05', 'tag-05'),
('q-06', 'tag-06'),
('q-07', 'tag-07'),
('q-08', 'tag-07'),
('q-09', 'tag-08'),
('q-10', 'tag-09'),
('q-11', 'tag-04'),
('q-12', 'tag-07'),
('q-13', 'tag-10'),
('q-14', 'tag-11'),
('q-15', 'tag-12'),
('q-16', 'tag-13'),
('q-17', 'tag-14'),
('q-18', 'tag-15'),
('q-19', 'tag-16'),
('q-20', 'tag-17'),
('q-21', 'tag-18'),
('q-22', 'tag-04'),
('q-23', 'tag-19'),
('q-24', 'tag-20'),
('q-25', 'tag-21'),
('q-26', 'tag-22'),
('q-27', 'tag-23'),
('q-28', 'tag-24'),
('q-29', 'tag-25'),
('q-30', 'tag-26'),
('q-31', 'tag-27'),
('q-32', 'tag-28'),
('q-33', 'tag-01'),
('q-34', 'tag-29'),
('q-35', 'tag-30'),
('q-36', 'tag-31'),
('q-37', 'tag-19'),
('q-38', 'tag-32'),
('q-39', 'tag-33'),
('q-40', 'tag-34'),
('q-41', 'tag-35'),
('q-42', 'tag-36'),
('q-43', 'tag-37'),
('q-44', 'tag-38'),
('q-45', 'tag-39'),
('q-46', 'tag-40'),
('q-47', 'tag-41'),
('q-48', 'tag-42'),
('q-49', 'tag-11'),
('q-50', 'tag-34'),
('q-51', 'tag-29'),
('q-52', 'tag-43'),
('q-53', 'tag-37'),
('q-54', 'tag-44'),
('q-55', 'tag-45'),
('q-56', 'tag-46'),
('q-57', 'tag-47'),
('q-58', 'tag-32'),
('q-59', 'tag-48'),
('q-60', 'tag-01'),
('q-61', 'tag-32'),
('q-62', 'tag-25'),
('q-63', 'tag-07'),
('q-64', 'tag-45'),
('q-65', 'tag-31'),
('q-66', 'tag-49'),
('q-67', 'tag-50'),
('q-68', 'tag-12'),
('q-69', 'tag-16'),
('q-70', 'tag-51'),
('q-71', 'tag-31'),
('q-72', 'tag-35'),
('q-73', 'tag-23'),
('q-74', 'tag-30'),
('q-75', 'tag-52'),
('q-76', 'tag-01'),
('q-77', 'tag-53'),
('q-78', 'tag-54'),
('q-79', 'tag-07'),
('q-80', 'tag-08'),
('q-81', 'tag-36'),
('q-82', 'tag-55'),
('q-83', 'tag-01'),
('q-84', 'tag-19'),
('q-85', 'tag-25'),
('q-86', 'tag-56'),
('q-87', 'tag-57'),
('q-88', 'tag-58'),
('q-89', 'tag-59'),
('q-90', 'tag-01'),
('q-91', 'tag-50'),
('q-92', 'tag-23'),
('q-93', 'tag-60'),
('q-94', 'tag-07'),
('q-95', 'tag-42'),
('q-96', 'tag-01'),
('q-97', 'tag-30'),
('q-98', 'tag-61'),
('q-99', 'tag-25'),
('q-100', 'tag-60');

INSERT INTO question_tag (question_id, tag_id) VALUES
('q-101', 'tag-62'),
('q-101', 'tag-25'),
('q-102', 'tag-33'),
('q-103', 'tag-04'),
('q-104', 'tag-46'),
('q-105', 'tag-39'),
('q-105', 'tag-63'),
('q-106', 'tag-60'),
('q-107', 'tag-14'),
('q-108', 'tag-47'),
('q-109', 'tag-23'),
('q-110', 'tag-17'),
('q-110', 'tag-04'),
('q-111', 'tag-39'),
('q-112', 'tag-64'),
('q-113', 'tag-31'),
('q-113', 'tag-04'),
('q-114', 'tag-25'),
('q-115', 'tag-04'),
('q-115', 'tag-07'),
('q-116', 'tag-07'),
('q-117', 'tag-18'),
('q-118', 'tag-30'),
('q-119', 'tag-10'),
('q-120', 'tag-04'),
('q-120', 'tag-57'),
('q-121', 'tag-01'),
('q-122', 'tag-03'),
('q-123', 'tag-50'),
('q-123', 'tag-07'),
('q-124', 'tag-50'),
('q-125', 'tag-25'),
('q-126', 'tag-64'),
('q-126', 'tag-65'),
('q-127', 'tag-45'),
('q-128', 'tag-66'),
('q-128', 'tag-04'),
('q-129', 'tag-35'),
('q-130', 'tag-02'),
('q-131', 'tag-12'),
('q-132', 'tag-19'),
('q-133', 'tag-34'),
('q-133', 'tag-46'),
('q-134', 'tag-18'),
('q-135', 'tag-57'),
('q-136', 'tag-23'),
('q-137', 'tag-33'),
('q-138', 'tag-07'),
('q-139', 'tag-65'),
('q-140', 'tag-07'),
('q-141', 'tag-63'),
('q-142', 'tag-07'),
('q-142', 'tag-31'),
('q-143', 'tag-42'),
('q-144', 'tag-26'),
('q-145', 'tag-70'),
('q-146', 'tag-30'),
('q-147', 'tag-10'),
('q-148', 'tag-67'),
('q-149', 'tag-30'),
('q-150', 'tag-15'),
('q-151', 'tag-60'),
('q-152', 'tag-48'),
('q-153', 'tag-42'),
('q-154', 'tag-56'),
('q-155', 'tag-22'),
('q-155', 'tag-60'),
('q-156', 'tag-39'),
('q-157', 'tag-41'),
('q-158', 'tag-08'),
('q-159', 'tag-23'),
('q-160', 'tag-68'),
('q-161', 'tag-16'),
('q-162', 'tag-63'),
('q-163', 'tag-02'),
('q-164', 'tag-47'),
('q-164', 'tag-31'),
('q-165', 'tag-69'),
('q-166', 'tag-29'),
('q-167', 'tag-42'),
('q-168', 'tag-59'),
('q-169', 'tag-41'),
('q-170', 'tag-05'),
('q-171', 'tag-07'),
('q-171', 'tag-35'),
('q-172', 'tag-10'),
('q-173', 'tag-52'),
('q-174', 'tag-32'),
('q-175', 'tag-11'),
('q-176', 'tag-35'),
('q-177', 'tag-19'),
('q-178', 'tag-16'),
('q-179', 'tag-34'),
('q-180', 'tag-41'),
('q-181', 'tag-17'),
('q-182', 'tag-33'),
('q-183', 'tag-07'),
('q-184', 'tag-10'),
('q-185', 'tag-45'),
('q-185', 'tag-25'),
('q-186', 'tag-63'),
('q-186', 'tag-39'),
('q-187', 'tag-41'),
('q-188', 'tag-30'),
('q-189', 'tag-69'),
('q-190', 'tag-09'),
('q-191', 'tag-60'),
('q-192', 'tag-47'),
('q-193', 'tag-66'),
('q-194', 'tag-17'),
('q-195', 'tag-07'),
('q-195', 'tag-35'),
('q-196', 'tag-61'),
('q-197', 'tag-19'),
('q-198', 'tag-30'),
('q-199', 'tag-25'),
('q-200', 'tag-25');